CREATE TABLE IF NOT EXISTS consists_of (
  stationID char(5) NOT NULL,
  trainID char(5) NOT NULL,
  PRIMARY KEY (stationID,trainID)
);

INSERT INTO consists_of VALUES('BSKMC',01);
INSERT INTO consists_of VALUES('BSKSK',02);
INSERT INTO consists_of VALUES('BSKSP',03);
INSERT INTO consists_of VALUES('BSKAR',04);
INSERT INTO consists_of VALUES('BSKVM',05);
INSERT INTO consists_of VALUES('BSKPT',06);
INSERT INTO consists_of VALUES('BSKRW',07);
INSERT INTO consists_of VALUES('BSKSM',08);
INSERT INTO consists_of VALUES('BSKPC',09);
INSERT INTO consists_of VALUES('BSKNN',10);
INSERT INTO consists_of VALUES('BSKAS',11);
INSERT INTO consists_of VALUES('BSKPP',12);
INSERT INTO consists_of VALUES('BSKTL',13);
INSERT INTO consists_of VALUES('BSKEK',14);
INSERT INTO consists_of VALUES('BSKPK',15);
INSERT INTO consists_of VALUES('BSKON',16);
INSERT INTO consists_of VALUES('BSKBC',17);
INSERT INTO consists_of VALUES('BSKPW',18);
INSERT INTO consists_of VALUES('BSKUS',19);
INSERT INTO consists_of VALUES('BSKBN',20);
INSERT INTO consists_of VALUES('BSKBR',21);
INSERT INTO consists_of VALUES('BSLNS',22);
INSERT INTO consists_of VALUES('BSLSM',23);
INSERT INTO consists_of VALUES('BSLRD',24);
INSERT INTO consists_of VALUES('BSLSD',25);
INSERT INTO consists_of VALUES('BSLCN',26);
INSERT INTO consists_of VALUES('BSLSR',27);
INSERT INTO consists_of VALUES('BSLST',28);
INSERT INTO consists_of VALUES('BSLKT',29);
INSERT INTO consists_of VALUES('BSLWY',30);
INSERT INTO consists_of VALUES('BSLPN',31);
INSERT INTO consists_of VALUES('BSLTP',32);
INSERT INTO consists_of VALUES('BSLWK',33);
INSERT INTO consists_of VALUES('BSLBW',34);
INSERT INTO consists_of VALUES('MBLHL',35);
INSERT INTO consists_of VALUES('MBLSY',36);
INSERT INTO consists_of VALUES('MBLSL',37);
INSERT INTO consists_of VALUES('MBLLM',38);
INSERT INTO consists_of VALUES('MBLKT',39);
INSERT INTO consists_of VALUES('MBLQS',40);
INSERT INTO consists_of VALUES('MBLSK',41);
INSERT INTO consists_of VALUES('MBLPB',42);
INSERT INTO consists_of VALUES('MBLPR',43);
INSERT INTO consists_of VALUES('MBLTC',44);
INSERT INTO consists_of VALUES('MBLHK',45);
INSERT INTO consists_of VALUES('MBLSS',46);
INSERT INTO consists_of VALUES('MBLRP',47);
INSERT INTO consists_of VALUES('MBLLP',48);
INSERT INTO consists_of VALUES('MBLPY',49);
INSERT INTO consists_of VALUES('MBLCP',50);
INSERT INTO consists_of VALUES('MBLKP',51);
INSERT INTO consists_of VALUES('MBLBS',52);
INSERT INTO consists_of VALUES('MBLTP',53);
INSERT INTO consists_of VALUES('MPKKB',54);
INSERT INTO consists_of VALUES('MPKTB',55);
INSERT INTO consists_of VALUES('MPKSY',56);
INSERT INTO consists_of VALUES('MPKBP',57);
INSERT INTO consists_of VALUES('MPKBR',58);
INSERT INTO consists_of VALUES('MPKBN',59);
INSERT INTO consists_of VALUES('MPKSM',60);
INSERT INTO consists_of VALUES('MPKPN',61);
INSERT INTO consists_of VALUES('MPKYN',62);
INSERT INTO consists_of VALUES('MPKBK',63);
INSERT INTO consists_of VALUES('MPKNC',64);
INSERT INTO consists_of VALUES('MPKMP',65);
INSERT INTO consists_of VALUES('MPKYT',66);
INSERT INTO consists_of VALUES('MPKWS',67);
INSERT INTO consists_of VALUES('MPKBS',68);
INSERT INTO consists_of VALUES('MPKTP',69);
INSERT INTO consists_of VALUES('BSKMC',101);
INSERT INTO consists_of VALUES('BSKSK',102);
INSERT INTO consists_of VALUES('BSKSP',103);
INSERT INTO consists_of VALUES('BSKAR',104);
INSERT INTO consists_of VALUES('BSKVM',105);
INSERT INTO consists_of VALUES('BSKPT',106);
INSERT INTO consists_of VALUES('BSKRW',107);
INSERT INTO consists_of VALUES('BSKSM',108);
INSERT INTO consists_of VALUES('BSKPC',109);
INSERT INTO consists_of VALUES('BSKNN',110);
INSERT INTO consists_of VALUES('BSKAS',111);
INSERT INTO consists_of VALUES('BSKPP',112);
INSERT INTO consists_of VALUES('BSKTL',113);
INSERT INTO consists_of VALUES('BSKEK',114);
INSERT INTO consists_of VALUES('BSKPK',115);
INSERT INTO consists_of VALUES('BSKON',116);
INSERT INTO consists_of VALUES('BSKBC',117);
INSERT INTO consists_of VALUES('BSKPW',118);
INSERT INTO consists_of VALUES('BSKUS',119);
INSERT INTO consists_of VALUES('BSKBN',120);
INSERT INTO consists_of VALUES('BSKBR',121);
INSERT INTO consists_of VALUES('BSLNS',122);
INSERT INTO consists_of VALUES('BSLSM',123);
INSERT INTO consists_of VALUES('BSLRD',124);
INSERT INTO consists_of VALUES('BSLSD',125);
INSERT INTO consists_of VALUES('BSLCN',126);
INSERT INTO consists_of VALUES('BSLSR',127);
INSERT INTO consists_of VALUES('BSLST',128);
INSERT INTO consists_of VALUES('BSLKT',129);
INSERT INTO consists_of VALUES('BSLWY',130);
INSERT INTO consists_of VALUES('BSLPN',131);
INSERT INTO consists_of VALUES('BSLTP',132);
INSERT INTO consists_of VALUES('BSLWK',133);
INSERT INTO consists_of VALUES('BSLBW',134);
INSERT INTO consists_of VALUES('MBLHL',135);
INSERT INTO consists_of VALUES('MBLSY',136);
INSERT INTO consists_of VALUES('MBLSL',137);
INSERT INTO consists_of VALUES('MBLLM',138);
INSERT INTO consists_of VALUES('MBLKT',139);
INSERT INTO consists_of VALUES('MBLQS',140);
INSERT INTO consists_of VALUES('MBLSK',141);
INSERT INTO consists_of VALUES('MBLPB',142);
INSERT INTO consists_of VALUES('MBLPR',143);
INSERT INTO consists_of VALUES('MBLTC',144);
INSERT INTO consists_of VALUES('MBLHK',145);
INSERT INTO consists_of VALUES('MBLSS',146);
INSERT INTO consists_of VALUES('MBLRP',147);
INSERT INTO consists_of VALUES('MBLLP',148);
INSERT INTO consists_of VALUES('MBLPY',149);
INSERT INTO consists_of VALUES('MBLCP',150);
INSERT INTO consists_of VALUES('MBLKP',151);
INSERT INTO consists_of VALUES('MBLBS',152);
INSERT INTO consists_of VALUES('MBLTP',153);
INSERT INTO consists_of VALUES('MPKKB',154);
INSERT INTO consists_of VALUES('MPKTB',155);
INSERT INTO consists_of VALUES('MPKSY',156);
INSERT INTO consists_of VALUES('MPKBP',157);
INSERT INTO consists_of VALUES('MPKBR',158);
INSERT INTO consists_of VALUES('MPKBN',159);
INSERT INTO consists_of VALUES('MPKSM',160);
INSERT INTO consists_of VALUES('MPKPN',161);
INSERT INTO consists_of VALUES('MPKYN',162);
INSERT INTO consists_of VALUES('MPKBK',163);
INSERT INTO consists_of VALUES('MPKNC',164);
INSERT INTO consists_of VALUES('MPKMP',165);
INSERT INTO consists_of VALUES('MPKYT',166);
INSERT INTO consists_of VALUES('MPKWS',167);
INSERT INTO consists_of VALUES('MPKBS',168);
INSERT INTO consists_of VALUES('MPKTP',169);


CREATE TABLE IF NOT EXISTS station (
  stationID char(5) NOT NULL,
  stationName varchar(40) DEFAULT NULL,
  PRIMARY KEY (stationID)
);

INSERT INTO station VALUES('BSKMC','Mo Chit');
INSERT INTO station VALUES('BSKSK','Saphan Kwai');
INSERT INTO station VALUES('BSKSP','Sanam Pao');
INSERT INTO station VALUES('BSKAR','Ari');
INSERT INTO station VALUES('BSKVM','Victory Monuments');
INSERT INTO station VALUES('BSKPT','Phaya Thai');
INSERT INTO station VALUES('BSKRW','Ratchathewi');
INSERT INTO station VALUES('BSKSM','Siam');
INSERT INTO station VALUES('BSKPC','Phloen Chit');
INSERT INTO station VALUES('BSKNN','Nana');
INSERT INTO station VALUES('BSKAS','Asok');
INSERT INTO station VALUES('BSKPP','Phrom Phong');
INSERT INTO station VALUES('BSKTL','Thong Lo');
INSERT INTO station VALUES('BSKEK','Ekkamai');
INSERT INTO station VALUES('BSKPK','Phra Khanong');
INSERT INTO station VALUES('BSKON','On Nut');
INSERT INTO station VALUES('BSKBC','Bang Chak');
INSERT INTO station VALUES('BSKPW','Punnawithi');
INSERT INTO station VALUES('BSKUS','Udom Suk');
INSERT INTO station VALUES('BSKBN','Bang Na');
INSERT INTO station VALUES('BSKBR','Bearing');
INSERT INTO station VALUES('BSLNS','National Stadium');
INSERT INTO station VALUES('BSLSM','Siam');
INSERT INTO station VALUES('BSLRD','Ratchadamri');
INSERT INTO station VALUES('BSLSD','Sala Daeng');
INSERT INTO station VALUES('BSLCN','Chong Nonsi');
INSERT INTO station VALUES('BSLSR','Surasak');
INSERT INTO station VALUES('BSLST','Saphan Taksin');
INSERT INTO station VALUES('BSLKT','Krung Thonburi');
INSERT INTO station VALUES('BSLWY','Wongwian Yai');
INSERT INTO station VALUES('BSLPN','Pho Nimit');
INSERT INTO station VALUES('BSLTP','Talat Phlu');
INSERT INTO station VALUES('BSLWK','Wutthakat');
INSERT INTO station VALUES('BSLBW','Bangwa');
INSERT INTO station VALUES('MBLHL','Hua Lamphong');
INSERT INTO station VALUES('MBLSY','Sam Yan');
INSERT INTO station VALUES('MBLSL','Silom');
INSERT INTO station VALUES('MBLLM','Lumphini');
INSERT INTO station VALUES('MBLKT','Khlong Toei');
INSERT INTO station VALUES('MBLQS','Queen Sirikit National Convention Center');
INSERT INTO station VALUES('MBLSK','Sukhumvit');
INSERT INTO station VALUES('MBLPB','Phetchaburi');
INSERT INTO station VALUES('MBLPR','Phra Ram 9');
INSERT INTO station VALUES('MBLTC','Thailand Cultural Center');
INSERT INTO station VALUES('MBLHK','Hai Khwang');
INSERT INTO station VALUES('MBLSS','Sutthisan');
INSERT INTO station VALUES('MBLRP','Ratchadaphisek');
INSERT INTO station VALUES('MBLLP','Lat Phrao');
INSERT INTO station VALUES('MBLPY','Phahon Yothin');
INSERT INTO station VALUES('MBLCP','Chatuchak Park');
INSERT INTO station VALUES('MBLKP','Kamphaeng Phet');
INSERT INTO station VALUES('MBLBS','Bang Sue');
INSERT INTO station VALUES('MBLTP','Tao Poon');
INSERT INTO station VALUES('MPKKB','Khlong Bang Phai');
INSERT INTO station VALUES('MPKTB','Talat Bang Yai');
INSERT INTO station VALUES('MPKSY','Sam Yaek Bang Yai');
INSERT INTO station VALUES('MPKBP','Bang Phlu');
INSERT INTO station VALUES('MPKBR','Bang Rak Yai');
INSERT INTO station VALUES('MPKBN','Bang Rak Noi Tha It');
INSERT INTO station VALUES('MPKSM','Sai Ma');
INSERT INTO station VALUES('MPKPN','Phra Nangkhlao Bridge');
INSERT INTO station VALUES('MPKYN','Yaek Nonthaburi 1');
INSERT INTO station VALUES('MPKBK','Bang Krasor');
INSERT INTO station VALUES('MPKNC','Nonthaburi Civic Center');
INSERT INTO station VALUES('MPKMP','Ministry of Public Health');
INSERT INTO station VALUES('MPKYT','Yaek Tiwanon');
INSERT INTO station VALUES('MPKWS','Wong Sawang');
INSERT INTO station VALUES('MPKBS','Bang Son');
INSERT INTO station VALUES('MPKTP','Tao Poon');


CREATE TABLE IF NOT EXISTS train (
  trainID char(5) NOT NULL,
  startStationID char(4) DEFAULT NULL,
  endStationID char(4) DEFAULT NULL,
  PRIMARY KEY (trainID)
);

INSERT INTO train VALUES(01,'BSKMC','BSKBR');
INSERT INTO train VALUES(02,'BSKSK','BSKBR');
INSERT INTO train VALUES(03,'BSKSP','BSKBR');
INSERT INTO train VALUES(04,'BSKAR','BSKBR');
INSERT INTO train VALUES(05,'BSKVM','BSKBR');
INSERT INTO train VALUES(06,'BSKPT','BSKBR');
INSERT INTO train VALUES(07,'BSKRW','BSKBR');
INSERT INTO train VALUES(08,'BSKSM','BSKBR');
INSERT INTO train VALUES(09,'BSKPC','BSKBR');
INSERT INTO train VALUES(10,'BSKNN','BSKBR');
INSERT INTO train VALUES(11,'BSKAS','BSKBR');
INSERT INTO train VALUES(12,'BSKPP','BSKBR');
INSERT INTO train VALUES(13,'BSKTL','BSKBR');
INSERT INTO train VALUES(14,'BSKEK','BSKBR');
INSERT INTO train VALUES(15,'BSKPK','BSKBR');
INSERT INTO train VALUES(16,'BSKON','BSKBR');
INSERT INTO train VALUES(17,'BSKBC','BSKBR');
INSERT INTO train VALUES(18,'BSKPW','BSKBR');
INSERT INTO train VALUES(19,'BSKUS','BSKBR');
INSERT INTO train VALUES(20,'BSKBN','BSKBR');
INSERT INTO train VALUES(21,'BSKBR','BSKBR');
INSERT INTO train VALUES(22,'BSLNS','BSLBW');
INSERT INTO train VALUES(23,'BSLSM','BSLBW');
INSERT INTO train VALUES(24,'BSLRD','BSLBW');
INSERT INTO train VALUES(25,'BSLSD','BSLBW');
INSERT INTO train VALUES(26,'BSLCN','BSLBW');
INSERT INTO train VALUES(27,'BSLSR','BSLBW');
INSERT INTO train VALUES(28,'BSLST','BSLBW');
INSERT INTO train VALUES(29,'BSLKT','BSLBW');
INSERT INTO train VALUES(30,'BSLWY','BSLBW');
INSERT INTO train VALUES(31,'BSLPN','BSLBW');
INSERT INTO train VALUES(32,'BSLTP','BSLBW');
INSERT INTO train VALUES(33,'BSLWK','BSLBW');
INSERT INTO train VALUES(34,'BSLBW','BSLBW');
INSERT INTO train VALUES(35,'MBLHL','MBLTP');
INSERT INTO train VALUES(36,'MBLSY','MBLTP');
INSERT INTO train VALUES(37,'MBLSL','MBLTP');
INSERT INTO train VALUES(38,'MBLLM','MBLTP');
INSERT INTO train VALUES(39,'MBLKT','MBLTP');
INSERT INTO train VALUES(40,'MBLQS','MBLTP');
INSERT INTO train VALUES(41,'MBLSK','MBLTP');
INSERT INTO train VALUES(42,'MBLPB','MBLTP');
INSERT INTO train VALUES(43,'MBLPR','MBLTP');
INSERT INTO train VALUES(44,'MBLTC','MBLTP');
INSERT INTO train VALUES(45,'MBLHK','MBLTP');
INSERT INTO train VALUES(46,'MBLSS','MBLTP');
INSERT INTO train VALUES(47,'MBLRP','MBLTP');
INSERT INTO train VALUES(48,'MBLLP','MBLTP');
INSERT INTO train VALUES(49,'MBLPY','MBLTP');
INSERT INTO train VALUES(50,'MBLCP','MBLTP');
INSERT INTO train VALUES(51,'MBLKP','MBLTP');
INSERT INTO train VALUES(52,'MBLBS','MBLTP');
INSERT INTO train VALUES(53,'MBLTP','MBLTP');
INSERT INTO train VALUES(54,'MPKKB','MPKTP');
INSERT INTO train VALUES(55,'MPKTB','MPKTP');
INSERT INTO train VALUES(56,'MPKSY','MPKTP');
INSERT INTO train VALUES(57,'MPKBP','MPKTP');
INSERT INTO train VALUES(58,'MPKBR','MPKTP');
INSERT INTO train VALUES(59,'MPKBN','MPKTP');
INSERT INTO train VALUES(60,'MPKSM','MPKTP');
INSERT INTO train VALUES(61,'MPKPN','MPKTP');
INSERT INTO train VALUES(62,'MPKYN','MPKTP');
INSERT INTO train VALUES(63,'MPKBK','MPKTP');
INSERT INTO train VALUES(64,'MPKNC','MPKTP');
INSERT INTO train VALUES(65,'MPKMP','MPKTP');
INSERT INTO train VALUES(66,'MPKYT','MPKTP');
INSERT INTO train VALUES(67,'MPKWS','MPKTP');
INSERT INTO train VALUES(68,'MPKBS','MPKTP');
INSERT INTO train VALUES(69,'MPKTP','MPKTP');
INSERT INTO train VALUES(101,'BSKMC','BSKMC');
INSERT INTO train VALUES(102,'BSKSK','BSKMC');
INSERT INTO train VALUES(103,'BSKSP','BSKMC');
INSERT INTO train VALUES(104,'BSKAR','BSKMC');
INSERT INTO train VALUES(105,'BSKVM','BSKMC');
INSERT INTO train VALUES(106,'BSKPT','BSKMC');
INSERT INTO train VALUES(107,'BSKRW','BSKMC');
INSERT INTO train VALUES(108,'BSKSM','BSKMC');
INSERT INTO train VALUES(109,'BSKPC','BSKMC');
INSERT INTO train VALUES(110,'BSKNN','BSKMC');
INSERT INTO train VALUES(111,'BSKAS','BSKMC');
INSERT INTO train VALUES(112,'BSKPP','BSKMC');
INSERT INTO train VALUES(113,'BSKTL','BSKMC');
INSERT INTO train VALUES(114,'BSKEK','BSKMC');
INSERT INTO train VALUES(115,'BSKPK','BSKMC');
INSERT INTO train VALUES(116,'BSKON','BSKMC');
INSERT INTO train VALUES(117,'BSKBC','BSKMC');
INSERT INTO train VALUES(118,'BSKPW','BSKMC');
INSERT INTO train VALUES(119,'BSKUS','BSKMC');
INSERT INTO train VALUES(120,'BSKBN','BSKMC');
INSERT INTO train VALUES(121,'BSKBR','BSKMC');
INSERT INTO train VALUES(122,'BSLNS','BSLNS');
INSERT INTO train VALUES(123,'BSLSM','BSLNS');
INSERT INTO train VALUES(124,'BSLRD','BSLNS');
INSERT INTO train VALUES(125,'BSLSD','BSLNS');
INSERT INTO train VALUES(126,'BSLCN','BSLNS');
INSERT INTO train VALUES(127,'BSLSR','BSLNS');
INSERT INTO train VALUES(128,'BSLST','BSLNS');
INSERT INTO train VALUES(129,'BSLKT','BSLNS');
INSERT INTO train VALUES(130,'BSLWY','BSLNS');
INSERT INTO train VALUES(131,'BSLPN','BSLNS');
INSERT INTO train VALUES(132,'BSLTP','BSLNS');
INSERT INTO train VALUES(133,'BSLWK','BSLNS');
INSERT INTO train VALUES(134,'BSLBW','BSLNS');
INSERT INTO train VALUES(135,'MBLHL','MBLHL');
INSERT INTO train VALUES(136,'MBLSY','MBLHL');
INSERT INTO train VALUES(137,'MBLSL','MBLHL');
INSERT INTO train VALUES(138,'MBLLM','MBLHL');
INSERT INTO train VALUES(139,'MBLKT','MBLHL');
INSERT INTO train VALUES(140,'MBLQS','MBLHL');
INSERT INTO train VALUES(141,'MBLSK','MBLHL');
INSERT INTO train VALUES(142,'MBLPB','MBLHL');
INSERT INTO train VALUES(143,'MBLPR','MBLHL');
INSERT INTO train VALUES(144,'MBLTC','MBLHL');
INSERT INTO train VALUES(145,'MBLHK','MBLHL');
INSERT INTO train VALUES(146,'MBLSS','MBLHL');
INSERT INTO train VALUES(147,'MBLRP','MBLHL');
INSERT INTO train VALUES(148,'MBLLP','MBLHL');
INSERT INTO train VALUES(149,'MBLPY','MBLHL');
INSERT INTO train VALUES(150,'MBLCP','MBLHL');
INSERT INTO train VALUES(151,'MBLKP','MBLHL');
INSERT INTO train VALUES(152,'MBLBS','MBLHL');
INSERT INTO train VALUES(153,'MBLTP','MBLHL');
INSERT INTO train VALUES(154,'MPKKB','MPKKB');
INSERT INTO train VALUES(155,'MPKTB','MPKKB');
INSERT INTO train VALUES(156,'MPKSY','MPKKB');
INSERT INTO train VALUES(157,'MPKBP','MPKKB');
INSERT INTO train VALUES(158,'MPKBR','MPKKB');
INSERT INTO train VALUES(159,'MPKBN','MPKKB');
INSERT INTO train VALUES(160,'MPKSM','MPKKB');
INSERT INTO train VALUES(161,'MPKPN','MPKKB');
INSERT INTO train VALUES(162,'MPKYN','MPKKB');
INSERT INTO train VALUES(163,'MPKBK','MPKKB');
INSERT INTO train VALUES(164,'MPKNC','MPKKB');
INSERT INTO train VALUES(165,'MPKMP','MPKKB');
INSERT INTO train VALUES(166,'MPKYT','MPKKB');
INSERT INTO train VALUES(167,'MPKWS','MPKKB');
INSERT INTO train VALUES(168,'MPKBS','MPKKB');
INSERT INTO train VALUES(169,'MPKTP','MPKKB');

